Folder name,Image_1,Image_2,Matched
n000002,0035_01.jpg,0003_01.jpg,0
n000003,0006_01.jpg,0024_01.jpg,0
n000004,0012_01.jpg,0020_01.jpg,0
n000005,0013_01.jpg,0001_01.jpg,0
n000006,0077_01.jpg,0018_01.jpg,0
n000007,0031_01.jpg,0026_01.jpg,0
n000008,0019_01.jpg,0003_01.jpg,0
n000010,0008_01.jpg,0006_01.jpg,0
n000011,0008_01.jpg,0013_01.jpg,0
n000012,0011_01.jpg,0014_01.jpg,0
n000013,0020_01.jpg,0003_01.jpg,0
n000014,0085_01.jpg,0025_01.jpg,0
n000015,0031_01.jpg,0050_02.jpg,0
n000016,0023_01.jpg,0085_01.jpg,0
n000017,0011_01.jpg,0044_01.jpg,0
n000018,0005_01.jpg,0274_01.jpg,0
n000019,0008_01.jpg,0009_01.jpg,0
n000020,0019_01.jpg,0034_01.jpg,0
n000021,0012_01.jpg,0027_01.jpg,0
n000022,0001_01.jpg,0009_01.jpg,0
n000023,0040_01.jpg,0201_01.jpg,0
n000024,0015_01.jpg,0007_01.jpg,0
n000025,0024_01.jpg,0021_01.jpg,0
n000026,0020_01.jpg,0070_01.jpg,0
n000027,0020_01.jpg,0001_01.jpg,0
n000028,0015_01.jpg,0014_01.jpg,0
n000030,0002_01.jpg,0026_01.jpg,0
n000031,0018_01.jpg,0027_01.jpg,0
n000032,0107_01.jpg,0027_01.jpg,0
n000033,0023_01.jpg,0025_01.jpg,0
n000034,0036_01.jpg,0070_01.jpg,0
n000035,0001_01.jpg,0021_01.jpg,0
n000036,0015_01.jpg,0001_01.jpg,0
n000037,0023_01.jpg,0270_01.jpg,0
n000038,0020_01.jpg,0063_01.jpg,0
n000039,0071_01.jpg,0001_01.jpg,0
n000041,0001_01.jpg,0070_01.jpg,0
n000042,0010_01.jpg,0001_01.jpg,0
n000043,0016_01.jpg,0001_01.jpg,0
n000044,0002_01.jpg,0063_01.jpg,0
n000045,0023_01.jpg,0001_01.jpg,0
n000046,0052_01.jpg,0022_01.jpg,0
n000047,0049_01.jpg,0001_01.jpg,0
n000048,0010_01.jpg,0033_01.jpg,0
n000049,0019_01.jpg,0021_01.jpg,0
n000050,0015_01.jpg,0007_01.jpg,0
n000051,0011_01.jpg,0010_01.jpg,0
n000052,0019_01.jpg,0008_01.jpg,0
n000053,0002_01.jpg,0027_01.jpg,0
n000054,0019_01.jpg,0010_01.jpg,0
n000055,0030_01.jpg,0004_01.jpg,0
n000056,0015_01.jpg,0001_01.jpg,7
n000057,0013_01.jpg,0249_01.jpg,0
n000058,0052_01.jpg,0014_01.jpg,0
n000059,0013_02.jpg,0025_01.jpg,0
n000060,0084_02.jpg,0009_01.jpg,0
n000061,0033_01.jpg,0017_02.jpg,0
n000062,0025_01.jpg,0027_01.jpg,0
n000063,0061_01.jpg,0014_01.jpg,0
n000064,0016_01.jpg,0001_01.jpg,0
n000065,0010_01.jpg,0009_01.jpg,0
n000066,0009_02.jpg,0014_01.jpg,0
n000067,0015_01.jpg,0123_01.jpg,0
n000068,0003_01.jpg,0026_01.jpg,0
n000069,0015_01.jpg,0028_02.jpg,0
n000070,0042_01.jpg,0018_01.jpg,0
n000071,0001_01.jpg,0014_01.jpg,0
n000072,0005_01.jpg,0007_01.jpg,0
n000073,0015_01.jpg,0025_01.jpg,0
n000074,0019_01.jpg,0007_01.jpg,0
n000075,0106_01.jpg,0014_01.jpg,0
n000076,0011_01.jpg,0001_01.jpg,0
n000077,0002_01.jpg,0025_02.jpg,0
n000079,0019_01.jpg,0003_01.jpg,0
n000080,0002_01.jpg,0004_01.jpg,0
n000081,0007_01.jpg,0025_01.jpg,0
n000083,0099_01.jpg,0007_01.jpg,0
n000084,0011_01.jpg,0023_01.jpg,0
n000085,0010_01.jpg,0028_01.jpg,0
n000086,0010_01.jpg,0093_01.jpg,0
n000087,0010_01.jpg,0002_01.jpg,0
n000088,0011_01.jpg,0001_01.jpg,0
n000089,0054_01.jpg,0025_01.jpg,0
n000090,0016_01.jpg,0002_01.jpg,0
n000091,0002_01.jpg,0014_01.jpg,0
n000092,0010_01.jpg,0001_01.jpg,0
n000093,0006_01.jpg,0010_03.jpg,0
n000094,0010_01.jpg,0036_01.jpg,0
n000095,0035_01.jpg,0006_01.jpg,0
n000096,0034_01.jpg,0017_02.jpg,0
n000097,0226_01.jpg,0001_01.jpg,0
n000098,0001_01.jpg,0014_01.jpg,0
n000099,0013_01.jpg,0001_01.jpg,0
n000100,0019_01.jpg,0024_01.jpg,0
n000101,0016_01.jpg,0025_01.jpg,0
n000102,0020_01.jpg,0026_01.jpg,7
n000103,0013_01.jpg,0044_01.jpg,0
n000104,0002_01.jpg,0001_01.jpg,0
n000105,0018_01.jpg,0021_01.jpg,0
n000107,0022_01.jpg,0001_01.jpg,0
n000108,0013_01.jpg,0014_01.jpg,0
n000109,0001_01.jpg,0014_01.jpg,0
n000110,0018_01.jpg,0001_01.jpg,0
n000111,0013_01.jpg,0001_01.jpg,0
n000112,0025_01.jpg,0003_01.jpg,0
n000113,0022_01.jpg,0003_01.jpg,0
n000114,0023_01.jpg,0001_01.jpg,0
n000115,0007_01.jpg,0001_01.jpg,0
n000116,0032_01.jpg,0007_01.jpg,0
n000117,0012_01.jpg,0025_02.jpg,0
n000118,0011_01.jpg,0001_01.jpg,0
n000119,0011_01.jpg,0014_01.jpg,0
n000120,0018_01.jpg,0001_01.jpg,0
n000121,0019_01.jpg,0017_01.jpg,0
n000122,0019_02.jpg,0026_01.jpg,0
n000123,0033_01.jpg,0026_01.jpg,0
n000124,0002_01.jpg,0009_01.jpg,0
n000125,0034_01.jpg,0039_01.jpg,0
n000126,0096_01.jpg,0003_01.jpg,0
n000127,0067_01.jpg,0027_01.jpg,0
n000128,0041_01.jpg,0030_02.jpg,0
n000130,0040_01.jpg,0229_01.jpg,0
n000131,0012_02.jpg,0209_01.jpg,0
n000132,0012_01.jpg,0130_01.jpg,0
n000133,0043_01.jpg,0001_01.jpg,0
n000134,0001_01.jpg,0063_01.jpg,0
n000135,0255_01.jpg,0006_01.jpg,0
n000136,0005_01.jpg,0026_01.jpg,0
n000137,0108_01.jpg,0027_01.jpg,0
n000138,0261_01.jpg,0013_01.jpg,0
n000139,0032_01.jpg,0013_01.jpg,0
n000140,0041_01.jpg,0044_01.jpg,0
n000141,0001_01.jpg,0024_01.jpg,0
n000142,0319_01.jpg,0026_01.jpg,0
n000143,0034_01.jpg,0693_01.jpg,0
n000144,0213_02.jpg,0028_02.jpg,0
n000145,0041_02.jpg,0034_01.jpg,0
n000146,0004_02.jpg,0042_01.jpg,0
n000150,0269_01.jpg,0045_01.jpg,0
n000151,0038_01.jpg,0001_01.jpg,0
n000152,0007_01.jpg,0111_01.jpg,0
n000154,0018_01.jpg,0148_01.jpg,0
n000155,0036_01.jpg,0130_01.jpg,0
n000156,0015_01.jpg,0321_01.jpg,0
n000157,0012_01.jpg,0045_01.jpg,0
n000158,0018_01.jpg,0226_01.jpg,0
n000159,0023_01.jpg,0014_01.jpg,0
n000160,0471_01.jpg,0004_01.jpg,0
n000161,0011_01.jpg,0266_01.jpg,0
n000162,0102_01.jpg,0006_01.jpg,0
n000163,0032_01.jpg,0138_01.jpg,0
n000164,0181_01.jpg,0001_01.jpg,0
n000165,0158_01.jpg,0032_01.jpg,0
n000166,0273_02.jpg,0039_01.jpg,0
n000167,0001_01.jpg,0028_01.jpg,0
n000168,0036_01.jpg,0040_01.jpg,0
n000169,0007_01.jpg,0024_01.jpg,0
n000170,0044_01.jpg,0001_01.jpg,0
n000171,0005_01.jpg,0109_01.jpg,0
n000172,0007_01.jpg,0001_01.jpg,0
n000173,0005_01.jpg,0071_01.jpg,0
n000174,0030_01.jpg,0009_01.jpg,0
n000175,0006_01.jpg,0021_01.jpg,0
n000176,0258_01.jpg,0031_01.jpg,0
n000177,0005_01.jpg,0071_01.jpg,0
n000179,0010_02.jpg,0406_01.jpg,7
n000180,0002_01.jpg,0104_01.jpg,0
n000181,0016_01.jpg,0130_01.jpg,0
n000182,0011_01.jpg,0429_01.jpg,0
n000183,0017_01.jpg,0023_01.jpg,0
n000184,0023_01.jpg,0003_01.jpg,0
n000185,0006_01.jpg,0209_01.jpg,0
n000186,0010_01.jpg,0146_02.jpg,0
n000187,0010_01.jpg,0063_01.jpg,0
n000188,0021_01.jpg,0027_01.jpg,0
n000189,0006_01.jpg,0071_01.jpg,0
n000190,0022_01.jpg,0093_01.jpg,0
n000191,0007_02.jpg,0178_01.jpg,0
n000192,0018_01.jpg,0101_01.jpg,0
n000193,0006_01.jpg,0100_01.jpg,0
n000194,0043_01.jpg,0014_01.jpg,0
n000195,0009_03.jpg,0088_02.jpg,0
n000196,0025_01.jpg,0021_01.jpg,0
n000197,0011_02.jpg,0027_01.jpg,0
n000198,0019_01.jpg,0015_01.jpg,0
n000199,0417_01.jpg,0018_01.jpg,0
n000201,0007_01.jpg,0031_02.jpg,0
n000202,0119_01.jpg,0009_01.jpg,0
n000203,0056_01.jpg,0013_01.jpg,0
n000204,0010_01.jpg,0127_01.jpg,0
n000205,0017_01.jpg,0334_01.jpg,0
n000206,0062_01.jpg,0019_02.jpg,0
n000207,0007_01.jpg,0003_01.jpg,0
n000208,0020_01.jpg,0028_01.jpg,0
n000209,0001_01.jpg,0014_01.jpg,0
n000210,0015_01.jpg,0003_01.jpg,0
n000211,0015_01.jpg,0014_01.jpg,0
n000212,0019_01.jpg,0001_01.jpg,0
n000213,0013_01.jpg,0001_01.jpg,0
n000214,0013_01.jpg,0001_02.jpg,0
n000215,0002_01.jpg,0013_01.jpg,0
n000216,0020_01.jpg,0001_01.jpg,0
n000217,0015_01.jpg,0001_01.jpg,0
n000218,0011_01.jpg,0002_01.jpg,0
n000219,0038_01.jpg,0001_01.jpg,0
n000220,0013_01.jpg,0004_01.jpg,0
n000221,0006_01.jpg,0025_01.jpg,0
n000222,0019_01.jpg,0013_01.jpg,0
n000223,0013_01.jpg,0022_01.jpg,0
n000224,0019_01.jpg,0001_01.jpg,0
n000225,0020_01.jpg,0001_01.jpg,0
n000226,0013_02.jpg,0031_01.jpg,0
n000227,0003_01.jpg,0014_01.jpg,0
n000228,0074_01.jpg,0019_02.jpg,0
n000229,0003_01.jpg,0014_01.jpg,0
n000230,0001_01.jpg,0014_01.jpg,0
n000231,0021_01.jpg,0003_01.jpg,0
n000232,0013_01.jpg,0024_01.jpg,0
n000233,0010_02.jpg,0027_01.jpg,0
n000234,0008_01.jpg,0004_01.jpg,0
n000235,0006_01.jpg,0009_01.jpg,0
n000236,0010_01.jpg,0025_01.jpg,0
n000237,0014_02.jpg,0006_01.jpg,0
n000238,0018_01.jpg,0006_01.jpg,0
n000239,0005_01.jpg,0009_01.jpg,0
n000240,0011_01.jpg,0001_02.jpg,0
n000241,0019_01.jpg,0007_01.jpg,0
n000242,0015_01.jpg,0008_01.jpg,0
n000243,0012_01.jpg,0026_01.jpg,0
n000244,0031_01.jpg,0004_01.jpg,0
n000245,0015_01.jpg,0018_01.jpg,0
n000246,0015_01.jpg,0044_01.jpg,0
n000247,0016_01.jpg,0001_01.jpg,0
n000248,0015_01.jpg,0014_01.jpg,0
n000249,0003_01.jpg,0014_01.jpg,0
n000250,0010_01.jpg,0038_01.jpg,0
n000251,0017_01.jpg,0003_01.jpg,0
n000252,0017_01.jpg,0024_01.jpg,0
n000253,0020_01.jpg,0002_01.jpg,0
n000254,0019_01.jpg,0027_01.jpg,0
n000255,0031_01.jpg,0001_01.jpg,0
n000256,0020_01.jpg,0117_01.jpg,0
n000257,0015_01.jpg,0006_01.jpg,0
n000258,0011_01.jpg,0001_01.jpg,0
n000260,0011_01.jpg,0013_01.jpg,0
n000261,0020_01.jpg,0001_01.jpg,0
n000262,0003_01.jpg,0009_01.jpg,0
n000263,0011_01.jpg,0032_01.jpg,0
n000264,0025_01.jpg,0009_01.jpg,0
n000265,0010_01.jpg,0009_01.jpg,0
n000266,0011_01.jpg,0001_01.jpg,0
n000267,0015_01.jpg,0001_01.jpg,0
n000268,0012_01.jpg,0001_01.jpg,0
n000269,0013_01.jpg,0004_01.jpg,0
n000270,0015_01.jpg,0001_01.jpg,0
n000271,0029_01.jpg,0001_01.jpg,0
n000272,0017_01.jpg,0001_01.jpg,0
n000273,0010_01.jpg,0004_01.jpg,0
n000274,0017_01.jpg,0003_02.jpg,0
n000275,0013_01.jpg,0001_01.jpg,0
n000276,0012_01.jpg,0003_01.jpg,0
n000277,0018_01.jpg,0004_01.jpg,0
n000278,0003_01.jpg,0014_01.jpg,0
n000279,0015_01.jpg,0003_01.jpg,0
n000280,0009_01.jpg,0004_01.jpg,0
n000281,0166_01.jpg,0001_01.jpg,0
n000282,0011_01.jpg,0001_02.jpg,0
n000283,0001_01.jpg,0024_01.jpg,0
n000285,0014_01.jpg,0004_01.jpg,0
n000286,0015_01.jpg,0022_01.jpg,0
n000287,0016_01.jpg,0001_01.jpg,0
n000288,0008_01.jpg,0003_01.jpg,0
n000289,0011_01.jpg,0034_01.jpg,0
n000290,0011_01.jpg,0004_01.jpg,0
n000291,0007_01.jpg,0001_01.jpg,0
n000292,0010_01.jpg,0168_01.jpg,0
n000293,0012_01.jpg,0018_01.jpg,0
n000294,0005_01.jpg,0027_01.jpg,0
n000295,0011_01.jpg,0001_01.jpg,0
n000296,0028_01.jpg,0009_01.jpg,0
n000297,0010_01.jpg,0003_01.jpg,0
n000298,0014_01.jpg,0004_01.jpg,0
n000299,0011_01.jpg,0001_01.jpg,0
n000300,0035_01.jpg,0020_01.jpg,0
n000301,0005_02.jpg,0024_01.jpg,0
n000302,0006_01.jpg,0014_01.jpg,0
n000303,0019_01.jpg,0046_01.jpg,0
n000304,0010_01.jpg,0028_01.jpg,7
n000305,0025_01.jpg,0014_01.jpg,0
n000306,0006_01.jpg,0001_01.jpg,0
n000307,0028_01.jpg,0004_01.jpg,0
n000308,0003_01.jpg,0014_01.jpg,0
n000309,0010_02.jpg,0001_01.jpg,0
n000310,0009_01.jpg,0004_01.jpg,0
n000311,0015_01.jpg,0005_02.jpg,0
n000312,0005_01.jpg,0010_01.jpg,0
n000313,0016_01.jpg,0019_01.jpg,0
n000314,0018_01.jpg,0013_01.jpg,0
n000315,0017_01.jpg,0020_01.jpg,0
n000316,0022_01.jpg,0001_01.jpg,0
n000317,0016_01.jpg,0001_01.jpg,0
n000318,0020_01.jpg,0003_01.jpg,0
n000319,0007_01.jpg,0023_01.jpg,0
n000320,0009_01.jpg,0004_01.jpg,0
n000321,0018_01.jpg,0003_01.jpg,0
n000322,0007_01.jpg,0003_01.jpg,0
n000323,0010_01.jpg,0028_02.jpg,0
n000324,0006_01.jpg,0013_01.jpg,0
n000325,0017_01.jpg,0010_01.jpg,0
n000326,0014_01.jpg,0004_01.jpg,0
n000327,0011_01.jpg,0358_01.jpg,0
n000328,0132_01.jpg,0021_01.jpg,0
n000329,0013_01.jpg,0001_01.jpg,0
n000330,0010_01.jpg,0007_01.jpg,0
n000331,0039_01.jpg,0003_01.jpg,0
n000332,0003_01.jpg,0009_01.jpg,0
n000333,0013_01.jpg,0001_01.jpg,0
n000334,0017_01.jpg,0010_01.jpg,0
n000335,0025_01.jpg,0004_01.jpg,0
n000336,0015_01.jpg,0004_01.jpg,0
n000337,0010_01.jpg,0004_01.jpg,0
n000338,0010_01.jpg,0074_01.jpg,0
n000339,0009_01.jpg,0026_01.jpg,0
n000340,0282_01.jpg,0004_01.jpg,0
n000341,0013_02.jpg,0048_01.jpg,0
n000342,0015_01.jpg,0300_01.jpg,0
n000343,0034_01.jpg,0059_01.jpg,0
n000344,0012_01.jpg,0059_01.jpg,0
n000345,0020_01.jpg,0025_01.jpg,0
n000346,0014_02.jpg,0014_01.jpg,0
n000347,0013_01.jpg,0044_01.jpg,0
n000348,0012_01.jpg,0044_01.jpg,0
n000349,0013_01.jpg,0014_01.jpg,0
n000350,0010_01.jpg,0001_02.jpg,7
n000351,0001_01.jpg,0014_01.jpg,0
n000352,0019_01.jpg,0001_01.jpg,0
n000353,0018_01.jpg,0004_01.jpg,0
n000354,0018_01.jpg,0007_02.jpg,0
n000355,0018_01.jpg,0028_01.jpg,0
n000356,0001_01.jpg,0025_01.jpg,0
n000357,0021_01.jpg,0127_01.jpg,0
n000358,0029_01.jpg,0503_02.jpg,0
n000359,0018_01.jpg,0025_01.jpg,0
n000360,0017_01.jpg,0009_01.jpg,0
n000361,0065_01.jpg,0013_01.jpg,0
n000362,0014_01.jpg,0270_01.jpg,0
n000364,0012_01.jpg,0033_01.jpg,0
n000365,0035_01.jpg,0003_01.jpg,0
n000366,0011_01.jpg,0021_03.jpg,0
n000367,0011_02.jpg,0178_01.jpg,7
n000368,0011_01.jpg,0003_01.jpg,0
n000369,0020_01.jpg,0061_01.jpg,0
n000370,0039_01.jpg,0009_01.jpg,0
n000371,0199_01.jpg,0014_01.jpg,0
n000372,0015_01.jpg,0125_01.jpg,0
n000373,0250_01.jpg,0014_01.jpg,0
n000374,0378_01.jpg,0014_01.jpg,0
n000375,0010_01.jpg,0025_01.jpg,0
n000376,0012_01.jpg,0060_01.jpg,0
n000377,0012_01.jpg,0084_01.jpg,0
n000378,0008_01.jpg,0130_01.jpg,0
n000379,0059_01.jpg,0014_01.jpg,0
n000380,0011_01.jpg,0080_01.jpg,0
n000381,0006_01.jpg,0164_01.jpg,0
n000382,0010_01.jpg,0043_01.jpg,0
n000383,0023_01.jpg,0205_01.jpg,0
n000384,0006_01.jpg,0024_01.jpg,0
n000385,0015_02.jpg,0088_01.jpg,0
n000386,0014_04.jpg,0431_01.jpg,0
n000387,0011_01.jpg,0013_01.jpg,0
n000388,0001_01.jpg,0340_01.jpg,0
n000389,0001_01.jpg,0138_01.jpg,0
n000390,0015_01.jpg,0003_01.jpg,0
n000391,0117_01.jpg,0001_01.jpg,7
n000392,0010_01.jpg,0003_01.jpg,0
n000393,0001_01.jpg,0106_01.jpg,0
n000395,0008_01.jpg,0025_01.jpg,0
n000396,0143_01.jpg,0001_01.jpg,0
n000397,0007_01.jpg,0090_01.jpg,0
n000398,0002_01.jpg,0252_01.jpg,0
n000399,0231_01.jpg,0006_01.jpg,0
n000400,0083_01.jpg,0003_01.jpg,0
n000401,0038_01.jpg,0004_01.jpg,0
n000402,0006_01.jpg,0044_01.jpg,0
n000403,0001_01.jpg,0196_01.jpg,0
n000405,0002_01.jpg,0100_01.jpg,0
n000406,0001_01.jpg,0238_01.jpg,0
n000407,0002_01.jpg,0018_01.jpg,0
n000408,0315_01.jpg,0001_01.jpg,0
n000409,0011_01.jpg,0015_01.jpg,0
n000411,0002_01.jpg,0321_01.jpg,0
n000412,0208_01.jpg,0003_01.jpg,0
n000413,0002_01.jpg,0141_01.jpg,0
n000414,0034_01.jpg,0014_01.jpg,0
n000415,0210_01.jpg,0322_01.jpg,0
n000416,0002_01.jpg,0023_01.jpg,0
n000417,0259_01.jpg,0001_01.jpg,0
n000418,0003_01.jpg,0138_01.jpg,0
n000419,0200_01.jpg,0009_01.jpg,0
n000420,0142_01.jpg,0007_01.jpg,0
n000421,0011_01.jpg,0039_01.jpg,0
n000422,0081_01.jpg,0006_01.jpg,0
n000423,0064_01.jpg,0001_01.jpg,0
n000424,0319_01.jpg,0003_02.jpg,0
n000425,0015_01.jpg,0001_01.jpg,0
n000426,0005_01.jpg,0252_01.jpg,0
n000427,0002_02.jpg,0062_01.jpg,0
n000428,0337_01.jpg,0021_01.jpg,0
n000429,0224_01.jpg,0001_01.jpg,0
n000430,0046_01.jpg,0001_01.jpg,0
n000431,0001_01.jpg,0009_01.jpg,0
n000432,0010_01.jpg,0003_01.jpg,0
n000433,0007_01.jpg,0180_01.jpg,0
n000434,0010_01.jpg,0063_01.jpg,0
n000435,0311_01.jpg,0004_01.jpg,0
n000436,0070_01.jpg,0021_01.jpg,0
n000437,0001_01.jpg,0109_01.jpg,0
n000438,0001_01.jpg,0201_01.jpg,0
n000439,0001_01.jpg,0004_01.jpg,0
n000440,0001_01.jpg,0144_01.jpg,0
n000441,0001_01.jpg,0061_01.jpg,0
n000442,0181_01.jpg,0001_01.jpg,0
n000443,0117_01.jpg,0001_01.jpg,0
n000444,0001_01.jpg,0027_01.jpg,0
n000445,0002_01.jpg,0163_01.jpg,0
n000446,0046_01.jpg,0001_01.jpg,0
n000447,0001_01.jpg,0243_01.jpg,0
n000448,0008_01.jpg,0003_01.jpg,0
n000449,0081_01.jpg,0001_01.jpg,0
n000450,0001_01.jpg,0372_01.jpg,0
n000451,0035_01.jpg,0001_01.jpg,0
n000453,0119_01.jpg,0001_02.jpg,0
n000454,0336_01.jpg,0001_01.jpg,0
n000455,0177_01.jpg,0006_01.jpg,0
n000456,0031_01.jpg,0001_01.jpg,0
n000457,0239_01.jpg,0001_01.jpg,0
n000458,0365_01.jpg,0001_01.jpg,0
n000459,0048_01.jpg,0002_01.jpg,0
n000460,0001_01.jpg,0059_01.jpg,0
n000461,0042_01.jpg,0001_01.jpg,0
n000462,0014_01.jpg,0004_01.jpg,0
n000463,0002_01.jpg,0059_01.jpg,0
n000464,0165_01.jpg,0003_01.jpg,0
n000465,0003_01.jpg,0106_01.jpg,0
n000466,0002_01.jpg,0001_01.jpg,0
n000467,0002_01.jpg,0040_01.jpg,7
n000468,0023_01.jpg,0001_01.jpg,0
n000469,0159_01.jpg,0001_01.jpg,0
n000470,0077_01.jpg,0002_01.jpg,0
n000471,0230_01.jpg,0001_01.jpg,0
n000472,0036_01.jpg,0001_01.jpg,0
n000473,0002_01.jpg,0004_01.jpg,0
n000474,0002_01.jpg,0069_01.jpg,0
n000475,0066_02.jpg,0001_01.jpg,0
n000476,0001_01.jpg,0164_01.jpg,0
n000477,0006_01.jpg,0224_01.jpg,0
n000478,0396_01.jpg,0003_01.jpg,0
n000479,0001_01.jpg,0186_01.jpg,0
n000481,0001_01.jpg,0201_01.jpg,0
n000482,0001_01.jpg,0199_01.jpg,0
n000483,0101_01.jpg,0003_01.jpg,0
n000484,0122_01.jpg,0001_01.jpg,0
n000485,0018_01.jpg,0034_01.jpg,0
n000486,0001_01.jpg,0025_01.jpg,0
n000487,0125_01.jpg,0001_01.jpg,7
n000488,0001_01.jpg,0004_01.jpg,0
n000489,0164_01.jpg,0003_01.jpg,0
n000490,0001_01.jpg,0028_01.jpg,0
n000491,0043_01.jpg,0001_01.jpg,0
n000492,0002_01.jpg,0207_01.jpg,0
n000493,0007_01.jpg,0017_02.jpg,0
n000494,0125_01.jpg,0001_01.jpg,0
n000495,0001_01.jpg,0034_01.jpg,0
n000496,0052_01.jpg,0001_01.jpg,0
n000497,0001_01.jpg,0004_01.jpg,0
n000498,0139_01.jpg,0001_01.jpg,0
n000499,0071_01.jpg,0001_01.jpg,0
n000500,0001_01.jpg,0221_01.jpg,0
n000501,0001_01.jpg,0009_01.jpg,0
n000502,0036_01.jpg,0001_01.jpg,0
n000503,0001_01.jpg,0070_01.jpg,0
n000504,0162_01.jpg,0001_01.jpg,0
n000505,0001_01.jpg,0009_01.jpg,0
n000506,0001_01.jpg,0147_01.jpg,0
n000507,0087_01.jpg,0001_01.jpg,0
n000508,0144_01.jpg,0003_01.jpg,0
n000509,0001_01.jpg,0009_01.jpg,0
n000510,0001_02.jpg,0004_01.jpg,0
n000511,0001_01.jpg,0021_01.jpg,0
n000512,0001_01.jpg,0061_01.jpg,0
n000513,0003_02.jpg,0003_01.jpg,0
n000514,0203_01.jpg,0001_01.jpg,0
n000515,0022_01.jpg,0001_01.jpg,0
n000516,0143_01.jpg,0021_01.jpg,0
n000517,0001_01.jpg,0024_01.jpg,0
n000518,0382_01.jpg,0001_01.jpg,0
n000519,0001_01.jpg,0161_01.jpg,0
n000520,0153_01.jpg,0001_01.jpg,0
n000521,0210_01.jpg,0195_01.jpg,0
n000522,0005_01.jpg,0061_01.jpg,0
